what two categories are the four stages of sleep broken up into?	['rapid eye movement (rem) and non-rapid eye movement (nrem) sleep']	0
what do internal nasal dilators work better than?	['nasal strips']	1
how many americans struggle with chronic sleep and wakefulness disorders?	['between 50 and 70 million american adults']	2
when does your body clear away a byproduct called adenosine?	['sleep is also a time when your body clears away a byproduct called adenosine, which builds up in your brain and causes the feeling of tiredness.']	3
what is l-theanine?	['a type of naturally occurring amino acid']	4
what health effects has geomagnetic events that produce geomagnetic fluctuations be connected to?	['headaches, changes in blood pressure and blood flow, heart rate variability, and even heart attack']	5
why may people with severe lung problems be referred for lung volume reduction surgery?	['to improve breathing.']	6
how often should you wash your sheets and pillowcases?	['at least once a week']	7
who is rem sleep shorter in?	['in prey animals like sheep']	8
who would prefer a california king mattress?	['if you or your partner are over 6 feet tall, or if you have a pet that sleeps at the foot of your bed']	9
what disturbances can wake light sleepers?	['outside noise, their partner shifting positions in bed, or a light turning on in the hallway']	10
what do sleep specialist first prescribe for sleep apnea?	['non-invasive treatments']	11
what problems can excessive sleepiness lead to?	['consequential errors and accidents that gravely impact the workplace']	12
what do testers evaluate during body testing?	['the subjective experience of interacting with the mattress']	13
"what is the percentage increase of risk for sleep problems at age 4 for girls with fathers who reported high alcohol consumption"""	['47%']	14
what themes do maladaptive daydreams involve?	['violence, power, control, sex, captivity, or rescue and escape scenarios']	15
what may help reduce oversleeping?	['following a consistent sleep schedule and other elements of sleep hygiene']	16
what is a standard treatment for children with osa?	['tonsillectomy']	17
how much caffeine is the amount found in about four or five cups of coffee?	['up to 400 milligrams of caffeine per day - the amount found in about four or five cups of coffee']	18
when do symptoms of restless legs syndrome peak?	['at bedtime.']	19
what do palatal implants do?	['stiffens the soft palate']	20
what are effects of sleep deprivation in rats?	['quickly lose weight and develop infections.']	21
how can you help a teenager with their sleep?	['by acknowledging the increased demands on their time and working together to find a healthy sleep schedule that works with their lifestyle']	22
when is micrognathia diagnosed?	['during infancy, if not sooner.']	23
when is sleep-related hypoventilation officially diagnosed?	"[""when a person's blood oxygen levels decrease below 90% for five minutes or longer during sleep, and their carbon dioxide levels stay elevated for ten minutes or longer""]"	24
what materials are preferred for intimate activities?	['materials with a bouncier feel like latex and coils']	25
what is imagery rehearsal?	['a type of therapy during which children rehearse less frightening dreams during the day in order to promote more positive dreams at night and decrease nightmares']	26
what does the mallampati score assess?	"[""the size and shape of a patient's tongue and esophageal airway""]"	27
what are some marine mammals who sleep unihemispherically?	['dolphins, eared seals, and manatees']	28
how do people with rls tend to get symptom relief?	['stretching, rubbing or kicking the legs, as well as getting up and walking around.']	29
what is a first step in treating sleep paralysis?	['to talk with a doctor in order to identify and address underlying problems that may be contributing to the frequency or severity of episodes.']	30
why is ongoing therapy beneficial to those with insomnia?	['because sleep and ptsd are so closely linked']	31
when does jet lag occur?	['when your body travels across time zones, and your circadian rhythm remains synchronized with your old location.']	32
what is one place platform beds can be bought?	['directly from a manufacturer']	33
what percentage of the population suffers from sleep apnea?	['3% to 7%']	34
when can heartburn occur?	['after you eat a heavy meal or drink too much.']	35
what do egyptian cotton sheets and sateen sheets feel?	['exceptionally soft and comfortable']	36
how does the circadian rhythm impact the olfactory system?	['smell sensitivity changes through the day in accordance with our circadian timing']	37
what can immune activation contribute to?	['tiredness and the desire for more sleep']	38
what may a doctor do if they suspect sleep apnea?	['refer you to a sleep specialist for a sleep study']	39
what should you look for when choosing your mattress?	['a certipur-us certification.']	40
what is one cause of rls?	['iron deficiency']	41
what has been linked to high blood sugar levels in people with diabetes and prediabetes?	['getting poor sleep or less restorative slow-wave sleep']	42
what can provide reinforcement for platform beds to prevent sagging in the middle?	['the extra leg or legs in the center']	43
what do k-complexes consist of?	['a single sharp peak in electrical activity, followed immediately by a negative dip']	44
what are some pregnancy tips for sleep?	['sleeping on your left side and avoiding liquids before bed to reduce disruptions to your sleep']	45
what serious infections could night sweats be a symptom of?	['human immunodeficiency virus (hiv), tuberculosis, endocarditis, and brucellosis']	46
what activities have been shown to reduce the overall amount of time people spend asleep?	['work, commuting, and socializing']	47
what happens each time a person with sleep apnea stops breathing?	['the level of oxygen in the blood decreases.']	48
what is called primary insomnia?	['some people deal with insomnia that has no identifiable cause']	49
what foods lead to sleepiness?	['eating foods with tryptophan in addition to a large number of carbohydrates']	50
when do cortisol levels rise?	['in the early morning']	51
what are the effects of sodium oxybate?	['improve nighttime sleep in people with narcolepsy while also reducing cataplexy']	52
what can chronic stress lead to?	['a host of mental and physical symptoms, including impaired sleep, headaches, memory lapses, and digestive problems']	53
what are weighted blankets generally considered?	['safe, as long as the person using the blanket has enough strength and physical dexterity to lift the blanket off themselves when necessary to prevent suffocation or entrapment']	54
what can poor sleep be linked to?	['a higher risk of gestational diabetes mellitus']	55
what factors can interfere with your sleep quality?	['poor sleep habits, like having an irregular sleep schedule or consuming too much caffeine or alcohol']	56
what is the most preferred to wash egyptian cotton sheets?	['air drying']	57
how does sleep in elderly people differ from younger?	['experience a lower percentage of both slow-wave nrem and rem sleep']	58
what can keep waking you up at night?	['bedrooms that are too hot, bright, or noisy']	59
what is pain?	['an unpleasant sensation that we experience when nerve receptors send a signal to the brain telling us something is wrong']	60
what systems found in innersprings and hybrids could creak as they age?	['the coil systems']	61
what has the strongest correlation with isolated sleep paralysis?	['sleep disorders and other sleeping problems']	62
how many layers can luxury hybrids have?	['as many as six or seven']	63
what is it possible that gerd affects?	['it is possible that gerd affects the airway and ability to breathe normally, causing more apneas during the night.']	64
what does epsom salt contain?	['magnesium sulfate']	65
what are morning headaches often linked to?	['sleep disorders or other underlying conditions.']	66
when a child has a night terror, what is it best to do?	['stay close by and ensure that they do not fall or hurt themself']	67
what are the three main sleep positions?	['side, back, and stomach']	68
what percentage of recurring dreams are negative?	['77%']	69
what is 5:2 fasting?	['others may limit their caloric intake by 25% for two days of the week, then eat normally the remaining days']	70
why do parents opt for a flippable mattress?	"[""provides the ability to change the bed's feel if their child's preferences change""]"	71
what does the right surgery require?	['a clear understanding of what is causing symptoms']	72
what can sleeping with a weighted blanket help promote?	['relaxation']	73
what should you do to find out if you are eligible for medicare advantage plans?	['you or your caregiver must meet with a va doctor']	74
how can quality sleep affect children?	['children have improved mood and ability to focus.']	75
what measure is used to assess sleep quality?	['pittsburgh sleep quality index (psqi)']	76
what frequency of beats induced delta activity in the brain?	['delta frequency of 3 hz']	77
when was spikevax given full approval for vaccination in adults?	['january 31, 2022']	78
what can pillows help us with?	['maintain a healthier sleep posture and reduce back and neck pain']	79
what qualifies as confusional arousal?	['confusion, and they must not leave the bed or display signs of terror']	80
what temperature is most conducive to sleep?	['between 60 to 71 fahrenheit.']	81
what can pap therapy do for people with sleep apnea?	['stabilize breathing during sleep, reduce daytime sleepiness, and improve overall quality of life']	82
what is the epworth sleepiness scale?	['the epworth sleepiness scale asks you to rate how likely you are to fall asleep in certain situations, such as while sitting and reading or while riding in a car for an hour']	83
what can a bedroom that's too warm do?	"[""interfere with your body's thermoregulation abilities and cause fatigue""]"	84
what is the worst position for neck pain?	['stomach sleeping']	85
what does missing out on just one hour of sleep per night for a week produce the same cognitive impairments as?	['a single all-nighter']	86
what is cbd?	['a cannabinoid that comes from the cannabis plant but does not have psychoactive properties associated with tetrahydrocannabinol (thc)']	87
what should you do if you live in a cold climate that makes being outside difficult?	['open your curtains and sit near a window to take in a meaningful dose of natural light']	88
how do we prevent dvt?	['airline passengers on long flights are often instructed to stand up and stretch their legs periodically while they are in the air']	89
what happens if a mattress with a zoned design is rotated?	['may cause the mattress to be less comfortable and supportive.']	90
what is the impact of not having sleep debt?	['less brain fog and be more productive']	91
what may nightmares exacerbate?	['mental health conditions that can worsen sleep']	92
what is common among women?	['sleep issues']	93
why can stomach sleeping be uncomfortable for some people?	['because it requires the body to spend more energy on breathing compared with other sleeping positions']	94
when can children start remembering dreams?	['from the age of 3 or 4 years']	95
why is sleep position the most decisive factor when it comes to choosing your next pillow?	['some sizes are more compatible with certain sleeping positions than others']	96
who is a rapid maxillary expansion device used as treatment for?	['children with mild or moderate osa, in those with severe osa experiencing symptoms that persist after surgery removal the tonsils and adenoids, or in children with osa who clearly have a narrow or highly arched hard palate']	97
how is memory foam made?	['by mixing polyols and diisocyanates, then pouring the mixture into a mold, where it bubbles from the chemical reaction.']	98
what is the best option if my weighted blanket is stained?	['spot cleaning']	99
how can one prepare their environment for sleep?	['cool, dark, and noise-free.']	100
what are ways to maintain a healthy sleep dynamic?	['consistent sleep-wake times and proper sleep hygiene']	101
what program can offer confirmation that products have been tested for contaminants or mislabeling?	['the nsf international dietary supplement program']	102
what does actively caring for houseplants do?	['lowers blood pressure and suppresses sympathetic nervous system activity that can manifest as anxiety']	103
why is screening for osa important in a surgical context?	['people with osa have a higher risk of complications']	104
what is the best sleeping position for you and the fetus in later pregnancy?	['left side sleeping']	105
how can the loss of a loved one disrupt sleep quality?	['serious changes to lifestyle, such as a loss in financial security or safety, which can also disrupt sleep quality.']	106
when may patients receive a chronic insomnia diagnosis?	['when insomnia symptoms persist for at least three times per week for at least three months']	107
how can poor-quality sleep affect physical activity?	['insufficient or poor-quality sleep can lead to lower levels of physical activity the following day.']	108
what are some common plotlines of dreams in children?	['confronting characters from fairy tales, although themes like falling, being chased, and car accidents are also common']	109
when do dreams tend to be more vivid?	['dreams experienced during rem sleep']	110
what are common daytime impairments of insomnia?	['fatigue and malaise, memory and concentration difficulties, mood disturbances and irritability, and behavioral problems such as hyperactivity and aggression']	111
how are mattresses typically categorized?	['by the materials in the support core']	112
how do you get sleep inertia?	['naps lasting longer than 30 minutes']	113
what positive effects does yoga have?	['improved mental and emotional health and stress, relief of some types of pain, weight loss, and improved sleep.']	114
what does leptin do?	['helping people feel full and recognize when to stop eating, this hormone can stimulate breathing']	115
when especially does sleep have important effects on growth?	['in early infancy.']	116
what cause coughing and a feeling of choking?	['when leaks of stomach acid rise to the mouth and throat']	117
what are the effects of eating later in the evening on your circadian rhythm?	['can disrupt your circadian rhythm and increase symptoms of sleep disorders such as obstructive sleep apnea.']	118
what effect does the use of a cpap machine have on covid-19 in osa patients?	['mitigate the risk for severe covid-19']	119
what should you do before using melatonin supplements for the first time?	['always read the instructions thoroughly']	120
what might doctors do if over-the-counter medications and supplements do not adequately lessen cfs/me symptoms?	['doctors might prescribe drugs for the disorder.']	121
how long does a standard mattress trial last?	['between 90 and 120 nights']	122
what are some potential treatment methods for night sweats?	['modifications to environment and behavior, cognitive behavioral therapy (cbt), and medication']	123
what is sleep apnea?	['a sleep-related breathing disorder']	124
what is the dunlop method?	['latex liquid is whipped and then placed in a mold for baking']	125
what does the support factor compare?	['how much force it takes to compress the materials to different degrees']	126
what can sleeping at any time be tied to?	['circadian rhythm disorders and narcolepsy']	127
what is the main advantage of egyptian cotton over tencel sheets?	['is easier to care for']	128
what is the profile of most mattresses?	['between 8 and 14 inches']	129
what is the cumulative dose effect of music?	"[""participants' sleep continued to improve over time, as long as they kept listening to music at bedtime""]"	130
what does a sleep record help identify?	['sleep disruptions and other factors that can influence sleep quality.']	131
how can being a caregiver impact sleep time?	['decrease time available for uninterrupted sleep.']	132
what do experts recommend for bedroom lighting?	['low color temperature lights in warm hues such as red, orange, and yellow']	133
who can help people with narcolepsy?	['online or in-person support groups']	134
what does dyssomnia cause?	['excessive sleepiness or difficulty falling and staying asleep']	135
how many males does osa affect?	['15-30%']	136
what may allow you to sleep on a mattress for a little longer before needing to buy a new one?	['adding a mattress topper']	137
how can coil-based mattresses produce less noise?	['if the coils are individually wrapped, or if the support core is muffled by a thick comfort system.']	138
why is identifying and treating sleep apnea important?	['since sleep apnea increases the risk of developing other health problems and impacts quality of life']	139
what can you do to help your toddler feel excited for the change?	['reading books about sleeping in bed']	140
what may be a suitable choice for those who appreciate an easy-to-clean fabric?	['cotton']	141
how do mads effectively treat osa?	['in addition to decreasing the number of lapses in breathing per night, these devices reduce snoring volume, snoring frequency, and daytime sleepiness.']	142
when do parents' sleep usually return to pre-pregnancy levels?	['often does not return to pre-pregnancy levels until the oldest child is six years old.']	143
why might one feel tired after drinking coffee?	['sleep deprivation, caffeine tolerance, dehydration, adenosine levels, blood sugar changes, or individual differences in caffeine metabolism']	144
what do companies often require the shopper do before allowing returns?	['use the bed during a mandatory break-in period']	145
what percentage of student athletes regularly report getting poor sleep?	['at least 42%']	146
how do you further align your spine?	['place a thin pillow beneath your pelvis, with the pillow positioned between your lower abdomen and mid-thigh']	147
how long should infants be placed to sleep in the supine (back) position?	['until they reach at least one year of age']	148
what can you do the sooner you receive a diagnosis of osa?	['the sooner you can start treatment and begin to find relief from your symptoms']	149
what type of pillows are intended to prevent or minimize neck pain by contouring to the head and neck to support the spine?	['typically made from polyfoam or memory foam, neck pillows']	150
what can a lack of sleep cause?	['poor diet quality and excessive body weight']	151
how are flippable mattresses designed?	['one side designed for infants and the other for toddlers']	152
why might natural sleep remedies be dangerous?	"[""a lack of research means that even experts don't fully understand the possible risks or the best or safest dosage.""]"	153
what can insomnia symptoms result from?	['behavioral factors, such as bedtime resistance or needing a parent to fall asleep after waking up at night']	154
what is a sore throat commonly caused by?	['a viral infection such as the common cold']	155
what does exercise shift?	['the internal clock']	156
why does it make sense that glycine supplements may be beneficial?	['glycine appears to affect sleep and pass the blood-brain barrier']	157
what are the best mattress options for back sleepers?	['hybrid, latex, foam, and airbed models']	158
how often do 1-year-olds wake up during the night?	['at least twice.']	159
what are the benefits of napping?	['several health benefits, such as strengthening the immune system, reducing cardiovascular disease risk, enhancing psychomotor skills and boosting work performance.']	160
when in pregnancy does sleep quality significantly decrease?	['between the second and third trimesters']	161
what can help ward off dehydration?	['drinking plenty of fluids on a warm day']	162
what frequently contributes to sleeping problems like insomnia?	['stress and anxiety, forms of mental hyperarousal']	163
what is acid reflux also known as?	['gastroesophageal reflux']	164
what is the role of the skin?	['to serve as a barrier and protect the body from foreign organisms and toxins']	165
what factors predispose pregnant women to sleep disordered breathing (sdb)?	['weight gain, along with hormonal and physiological changes']	166
when do siestas traditionally take place?	['after lunch in the midafternoon.']	167
what do sometimes parents mistakenly believe?	['blankets or bedding are okay if they are placed flat beneath the baby, rather than used to cover the baby.']	168
what may benefit people with night eating syndrome?	['light therapy, which uses a special lamp to mimic daylight and provide a dose of concentrated light in the morning.']	169
how can most pediatric sleep disorders be managed?	['behavioral changes, such as proper sleep hygiene and cognitive therapy.']	170
how can shift workers prepare for shift changes?	['by adjusting their sleep times.']	171
when do nightmares normally occur?	['during rem sleep']	172
what are the effects of experiencing hypnic jerks in relation to anxiety?	['some people who experience hypnic jerks frequently may even develop anxiety around sleep itself, which only increases their likelihood of experiencing sleep deprivation and more hypnic jerks.']	173
what is the leading cause of death for infants between the ages of 28 days and one year?	['sids']	174
what can interfere with a student's sleep schedule and leave them feeling tired in class the next day?	['early wake-up times, daylong course schedules, homework requirements, and extracurricular activities']	175
what aspect do mattresses perform slightly differently in despite similarities in construction and materials?	['ease of movement']	176
when should the possibility of a sleep disorder be explored for eds?	"[""if you don't have health or psychiatric problems that could be causing your eds""]"	177
how should my sleep-wake schedule be?	['maintaining a consistent sleep-wake schedule even on the weekends']	178
who does sleep deprivation lower endurance in?	['runners, cyclists, and weight lifters']	179
how do people often feel if they are suffering from significant dehydration?	['extremely tired, lethargic, or fatigued.']	180
what medical conditions is rls associated with?	"[""late-stage kidney disease, iron deficiency, neuropathy, multiple sclerosis, or parkinson's disease""]"	181
what are one of the most common treatments for insomnia?	['sleep medications']	182
what can interrupted or fragmented sleep contribute to?	['insomnia, sleep deprivation, daytime sleepiness, and the numerous other potential consequences of insufficient sleep']	183
what should you do if you are having trouble sleeping?	['consult your doctor about an appropriate exercises regimen']	184
what are the difference in daytime symptoms of sleep apnea between children and adults?	['adults are more likely to exhibit daytime sleepiness and fatigue, while children are more likely to show behavior issues such as difficulty concentrating and hyperactivity']	185
what could contribute to sagging in mattresses?	['defects in manufacturing or materials']	186
what is the recommended amount of daily sleep for teens?	['falls between eight and 10 hours']	187
what does ensuring you get sufficient sleep overall help with?	['get the deep sleep you need']	188
when do naps decrease in duration?	['between 1.5 and 4 years of age']	189
what should one do if they believe they might have obstructive sleep apnea?	"[""you could bring up the possibility of home sleep apnea testing at your next doctor's appointment.""]"	190
how does material composition impact loft?	['material composition can also impact loft since some materials sink more considerably than others.']	191
what is the most common symptom of osa?	['chronic snoring']	192
what can daylight saving time change?	['how our bodies use, interpret, and adjust to light.']	193
what indicates a baby is ready to start sleep training?	['if your baby starts to fall asleep on their own at night']	194
what is irregular sleep-wake rhythm disorder characterized by?	['fragmented sleep patterns that do not follow a normal 24-hour day-night cycle']	195
what are the benefits of nepap devices?	['reduced apnea events, better quality of life, and reduced snoring']	196
how can a doctor help improve nrem sleep?	['may be able to identify an underlying sleep disorder that could be interfering with nrem sleep']	197
what is getting sufficient undisturbed sleep critical for?	['feeling good and performing well']	198
what are sleep terrors sometimes called?	['night terrors']	199
what might short-term sleep extensions before important competitions lead to?	['a timely boost in performance']	200
what should you be sure to check before driving?	['the side effects of any new medications']	201
what is sleep regression?	['when babies seem to take a step backward in their sleep routines']	202
why do stomach and back sleepers need a firm mattress?	['to achieve good spinal alignment']	203
what percentage of young adults that casually use marijuana do so to help them sleep?	['around 70%']	204
why do many customers prefer natural sleep supplements as opposed to prescription sleep medications?	['they have fewer side effects than prescription sleep medications.']	205
what can you do to significantly extend a mattresses' life span?	['by rotating a mattress, swapping the foot and head of the bed, you can extend its lifespan significantly.']	206
how can pillows prevent neck pain?	['by keeping your head and spine properly aligned']	207
what does primary insomnia refer to?	['insomnia symptoms that occur independently']	208
what hue do both infants and adults show a preference for?	['blue hues']	209
what is the relationship between sleep and sex?	['evidence so far demonstrates that quality sleep can promote a better sex life, and a healthy sex life can facilitate improved sleep.']	210
how do pap machines deliver air to the patient?	['via a mask they wear over their nose (or nose and mouth)']	211
how should children take an active part in the bedtime routine?	['by brushing their own teeth and tidying up their bedroom before bed']	212
what does juice from the tart cherry appear to do?	['raise melatonin levels and increase the availability of tryptophan, an amino acid that may play a role in helping us fall asleep.']	213
what do the effects of the sunshine protection act vary based on?	['where you live']	214
why are cotton sheets not eco-friendly?	['cultivating the crop usually uses pesticides and a significant amount of water']	215
what is the treatment for hypercapnia?	['generally directed at treating the underlying problem']	216
how much should a blanket weigh for children to prevent the feeling of being trapped?	['the blanket may need to weigh less than 10% of their body weight']	217
what should you do before you start the repair?	['clean and dry the area around the leak']	218
what may recurring dreams be symptoms of?	['post-traumatic stress disorder (ptsd) and generalized anxiety disorder (gad)']	219
what does hypersomnolence refer to?	['feelings of sleepiness and fatigue during the day despite a healthy circadian rhythm and an adequate amount of sleep the previous night']	220
when should you talk to a health professional about nightmares?	"[""if nightmares are happening more than once a week or if they're affecting your mood and daytime activities.""]"	221
what is the most energy-intensive sleep stage?	['rapid eye movement (rem) sleep']	222
what strategies can strengthen sleep hygiene?	['having a consistent sleep schedule, avoiding excess caffeine, getting exposure to daylight, reducing noise and light in your bedroom, and developing a relaxing bedtime routine']	223
how often should you wash your blanket if you use it every day?	['every few weeks.']	224
how is memory foam made?	['by taking polyurethane and treating it with certain chemicals to increase its viscosity and density.']	225
what hormones regulate sleep wake cycles, hunger and stress?	['ghrelin, melatonin, cortisol, and thyroid-stimulating hormone']	226
what is rocking?	['a slow and gentle back-and-forth movement']	227
what sleeping orientation results in less sleep overall?	['east-west']	228
what is a way of lowering your risk of dvt while sleeping upright during a long trip?	['recline your seat if possible']	229
what is the gold standard treatment for osa?	['continuous positive airway pressure (cpap)']	230
who founded the first sleep clinic?	['stanford university']	231
what is the best treatment for a particular nosebleed dependent upon?	['how severely the nose is bleeding and where it is bleeding from.']	232
what is brumation?	['a state of reduced activity and metabolism in reptiles']	233
how thick are mattress toppers?	['anywhere from 1 to 4 inches thick']	234
what health conditions can contribute to excessive sleepiness?	"[""anemia, depression, fibromyalgia, chronic kidney disease, liver disease, chronic obstructive pulmonary disease (copd), diabetes, hypothyroidism, congestive heart failure, vitamin deficiency (b12), addison's disease, adrenal insufficiency, or allergic rhinitis""]"	235
what can oxidative stress promote?	['systemic inflammation, as well as neurochemical and physiological reactions that increase the risk of heart disease.']	236
what nutrients does kiwifruit possess?	['numerous vitamins and minerals, most notably vitamins c and e as well as potassium and folate']	237
why does vigorous exercise within one hour of bedtime affect sleep quality?	"[""doesn't allow time for core body temperature to cool""]"	238
what is doxylamine?	['a first-generation antihistamine that can produce sedative effects.']	239
what may babies be more sensitive to as their physical abilities and mental and environmental awareness increases?	['overstimulation, separation anxiety, or other disturbances that can affect their sleep.']	240
what does mindfulness help patients manage?	['anger, worry, anxiety, and depression']	241
what are researchers and public health experts increasingly viewing good sleep as a potential form of prevention of?	"[""dementia and alzheimer's disease""]"	242
what are your pillows likely to absorb and retain?	['sweat, oils, and dead skin cells from your face and hair']	243
what is the aim of treatment for non-24-hour sleep-wake disorder (n24swd)	['establish a 24-hour sleep-wake cycle, or entrain (synchronize) the circadian rhythm']	244
why do people with sleep apnea have trouble breathing throughout the night?	['because their airway becomes obstructed.']	245
what effect can a bath between 104.5 and 106 degrees fahrenheit, before bed, have on blood pressure?	['a bath between about 104.5 and 106 degrees fahrenheit lowered blood pressure before and during sleep, especially when taken less than an hour before bedtime.']	246
what does sleep loss promote?	['inflammation in the body and affects lung function, increasing the chances of an asthma attack.']	247
when do experts recommend avoiding exercise?	['at least 2 hours before bed']	248
how long does chronic insomnia last?	['longer than a month']	249
what can sleeping in your lenses occasionally, or by accident increase your risk of?	['infection']	250
what do mattress types offered by nectar and layla include?	['all-foam mattresses with high-density polyfoam bases, as well as hybrid models with innerspring support cores.']	251
what can losing sleep affect and increase?	['our thoughts and emotions and increases the long-term risk of mental and physical health issues']	252
what is the central feature of an innerspring mattress?	['its coil-based construction.']	253
how many times a day does the average person yawn?	['up to 28 times per day']	254
how many hours of sleep deprivation affects sleepwalking events?	['25 hours of sleep deprivation']	255
how thick are most comfort systems?	['1 to 4 inches thick.']	256
what do many pregnant women experience in the third trimester?	['vivid, disturbing dreams that can further impair sleep quality']	257
where are orexins produced?	['in a part of the brain called the hypothalamus']	258
how many parasomnias like night terrors will persist past adolescence?	['one study describes that only 4% of parasomnias like night terrors will persist past adolescence.']	259
what does sleep play a major role in?	['memory, learning, appetite, mood, and decision-making']	260
how does cpap therapy work?	['works by delivering pressurized air to your nose and mouth']	261
what may you start to develop if you frequently experience hypnic jerks?	['fear or anxiety about going to sleep']	262
why is beige a popular color for workplace walls?	['because it is seen as less distracting than brighter colors']	263
how many stages of sleep are there?	['there are four stages of sleep']	264
what can conditions like graves' disease cause?	['hyperthyroidism']	265
what is the bmr?	['the basal metabolic rate refers to the energy needed for essential functions such as breathing, circulation, temperature regulation, and cellular growth and repair']	266
what can insufficient and fragmented sleep cause?	['can exacerbate conditions like depression and anxiety.']	267
how many high school students in the unites states fall short on sleep?	['73%']	268
why do sateen weaves have higher average thread counts?	['tighter than many alternatives']	269
what sleep disorder is more likely to diagnosed in men?	['obstructive sleep apnea, a sleep disorder that causes fragmented sleep due to lapses in breathing.']	270
how do stress and anxiety impact sleep?	"[""can keep a person's mind racing and make them feel unable to relax and settle into quality sleep.""]"	271
what happens if even after practicing healthy sleep hygiene, your child is still feeling sleepy or having trouble falling asleep or staying asleep at night?	['visit a doctor to see if they have a sleep condition']	272
what does fasting increase?	['production of orexin-a, a neurotransmitter tied to alertness.']	273
how did total sleep times during a full moon change?	['reduced by 25 minutes']	274
who is brown noise most useful for?	['reducing symptoms experienced by people who have ringing in their ears']	275
what do we do to prevent movement or shaking unrelated to the mattress itself?	['we reinforce the base of the bed']	276
what do doctors recommend to treat osa?	['lifestyle changes such as dietary adjustments, smoking cessation, and weight loss']	277
when should pregnant women avoid sleeping on their backs?	['starting around week 16']	278
why do side sleepers, in particular, tend to prefer foam beds?	['as they often do a better job of conforming to the shape of the body.']	279
what is density calculated using?	['dimensions and weight statistics.']	280
what issue have innovations in memory foam technology tried to address?	['generally retain heat more than other types of mattress.']	281
what is human nutrition composed of?	['macronutrients, vitamins, and minerals']	282
what might hypnotherapy do?	['encourage a person to feel less anxious about falling asleep or to follow a more consistent sleep schedule']	283
what is fibromyalgia characterized by?	['widespread feelings of pain and stiffness in the muscles and joints.']	284
what does exposure to light at night disrupt?	['melatonin production']	285
when is it common for people with narcolepsy to experience an intense need for sleep?	['at inopportune times.']	286
what does the mslt measure?	['how long it takes a person to fall asleep during daytime nap opportunities']	287
how many hours of sleep may an infants aged 4 to 11 month require?	['up to 15 hours.']	288
how do adolescents feel when they experience a circadian shift?	['they naturally feel tired later.']	289
how much sleep should teenagers catch up on over weekends?	['maximum two hours.']	290
what physical symptoms are detected after waking up?	['heart rate changes or sweating']	291
what are neurotransmitters?	['chemicals that send signals within the nervous system to activate or deactivate certain cells']	292
what can stress and anxiety related to the pandemic lead to?	['sleep loss and feelings of daytime fatigue']	293
what are the effects of music on sleep?	['decrease the time it takes to fall asleep, improve self-reported sleep quality, and increase the proportion of deep sleep']	294
what should you do if you think exercise is keeping you up?	['switch your exercise routine to the morning to see if that helps']	295
what can side sleeping lead to?	['soreness or tightness in your shoulders']	296
what should be considered when replacing a mattress?	['your sleep position, body weight, and other personal sleep preferences.']	297
where do holes most often develop in air mattresses?	['along the seams and surrounding the valve']	298
what does rem phenomena include?	['sleep paralysis, out-of-body experiences, and lucid dreaming.']	299
how can i manage the effects of dspd and even alter my sleep and wake times?	['consistent attention to sleep hygiene and use of other treatments']	300
what should you do to prepare for your visit to the doctor?	['consider tracking your sleep symptoms for a few weeks before your appointment']	301
what is a major predictor for diabetes?	['obesity']	302
what did an analysis of 45 studies of maxillomandibular advancement surgery find?	['the procedure was considered a success in nearly 86% of people and cured osa altogether in 39% of those who received it.']	303
what are the possible causes of sundowning?	['circadian rhythm changes that occur in dementia, as well as fatigue, depression, and pain']	304
what is the circadian rhythm?	['a 24-hour cycle']	305
what information needs to be provided in the claims process?	['about the mattress defect.']	306
what is sleep talking a type of?	['parasomnia.']	307
what is the requirement for diagnosis of a sleep apnea headache?	['a person must have a diagnosis of osa with an ahi of 5 or higher']	308
what devices can interfere with sleep?	['smartphones, tablets, and tvs']	309
what is a way to find a sleep specialist?	['to reach out to your friends and family for their personal referrals.']	310
what is the number of u.s. households that own an rv to use recreationally or as a primary residence?	['estimated 9 million']	311
what does ease of movement refer to?	['how much effort is necessary to move around on a mattress.']	312
what does an anti-snoring mouthpiece help hold?	['your tongue or jaw in a stable position']	313
how does your body temperature change prior to waking up?	['your body temperature will gradually return to its normal level.']	314
who are weighted blankets most beneficial for?	['those with autism, anxiety, depression, and attention deficit hyperactivity disorder (adhd).']	315
what has been identified as a potential cause of night sweats among men?	['hormones can also play a role in night sweats among men, as low testosterone levels have been identified as a potential cause.']	316
what occurs during microsleep?	['much of the brain that becomes deactivated during sleep remains activated, including areas of the brain dedicated to staying awake.']	317
when does sleep talking occur?	['during nrem or rem sleep']	318
what is snoring correlated with in pregnancy?	['high blood pressure and preeclampsia']	319
what does idzikowski say starfish sleepers value?	['friendship']	320
what can allergy treatment help do?	['open up your sinuses and enable you to breathe more through your nose, instead of your mouth']	321
what is pacifiers useful for?	"[""strengthening your baby's sucking reflexes""]"	322
what does intermittent fasting involve?	['abstaining from eating, either for certain hours each day or certain days each week.']	323
what is lavender a type of?	['natural sleep aid']	324
what type of mattress models often squeak more as they get older?	['innerspring and hybrid']	325
what can reduce the occurrence of microsleeps?	['catching up on sleep']	326
what plays a role in fabric durability?	['the fabric, weave, and thread count']	327
what is the recommended amount of sleep for a child dependent on?	['their age.']	328
why is n24swd often misdiagnosed as another sleep disorder in sighted people?	['symptoms manifest as generic daytime sleepiness and nighttime insomnia']	329
what can help ease the separation anxiety that many babies start to feel around the 6-month mark?	['giving your baby plenty of love and attention during the day and encouraging them to be independent at night']	330
what factors affect the cost of a memory foam bed?	['factors like thickness, certifications, and added cooling technologies']	331
what medications and supplements can increase your risk of parasomnias?	['sedative medications and supplements']	332
when is occasional bedwetting considered normal?	['childhood']	333
what are some positive associations of the color blue?	['clear skies or clean, clear water.']	334
what can microcoils help improve?	"[""the bed's responsiveness, support, temperature control, and durability.""]"	335
what can disrupting our body's circadian rhythms lead to?	['increased skin inflammation']	336
what might increase symptoms of depression in older populations?	['naps']	337
what is one of the biggest barriers to getting comfortable in bed?	['overheating']	338
what are returns?	"[""if a brand has a sleep trial, they're also likely to have a solid return policy.""]"	339
when do physicians suggest people avoid taking sleep aids?	['on nights before they may need to make big decisions.']	340
what can lack of sleep in children impact?	['academic performance, behavior, and mood.']	341
what can contribute to lower heart rates?	['a number of health conditions can contribute to lower heart rates, including heart disease, rheumatic fever, lyme disease, and sleep apnea.']	342
what effect does getting closer to the recommended number of hours to sleep have on hunger?	['reduce hunger and spur healthier eating habits']	343
what can oversleeping and fatigue be a symptom of?	['depression']	344
how many rem periods do most people experience per night?	['four to six periods of rem sleep']	345
how long does jet lag last?	['from a few days to a few weeks.']	346
how many hours do we spend dreaming per night on average?	['two hours']	347
why may searching for the perfect set of bed sheets feel intimidating?	['with dozens of materials, hundreds of manufacturers, and thousands of models, finding the right sheets for you can feel like searching for a needle in a haystack']	348
what oral hygiene routine can help protect against bad breath?	['regular tooth brushing, flossing, tongue cleaning, and gargling with mouthwash can also help protect against bad breath.']	349
why is epap a more convenient therapy for some sleepers?	['it does not require electricity, creates little to no noise, and is small and lightweight']	350
who does chronic insomnia occur in?	['people of all ages and has a higher prevalence in women']	351
what can impact our natural sleep-wake cycles?	['the rise of ambient light in the bedroom, especially from technology']	352
what should you do if you experience hypnopompic hallucinations in addition to other symptoms of narcolepsy	['consult with a doctor']	353
what can help pregnant women cope with nighttime worries?	['yoga, journaling, and breathing exercises.']	354
what is a durable option for mattress material?	['latex']	355
when is it important to see a doctor?	['if you have chronic or severe symptoms of gerd and/or frequent problems with sleep or daytime drowsiness']	356
what has ylang-ylang essential oil, derived from the cananga tree, been associated with?	['calmness and slowed reaction times']	357
what 2 conditions present primarily as excessive sleepiness?	['narcolepsy and idiopathic hypersomnia']	358
what is one way of measuring the intensity of aerobic activities?	['the talk test']	359
what mental health disorder has the highest death rate?	['anorexia nervosa']	360
what does puberty cause a change in?	"[""the body's circadian rhythm, which is the internal clock controlling the release of hormones that govern the sleep-wake cycle.""]"	361
what do many people use to self-treat insomnia, anxiety, and pain?	['marijuana']	362
what does missing out on high-quality sleep every night affect?	['almost every aspect of life']	363
what are some red flags related to disrupted sleep?	['noticeable daytime sleepiness, fatigue, problems with attention or thinking, or unexplained mood changes']	364
what does sleeping with a loose blanket or other soft objects increase?	"[""baby's risk of experiencing injury or death""]"	365
what can we use to conceal excess noise when sleeping?	['noise-canceling headphones, earplugs, or a fan']	366
what is snoring caused by?	['the rattling and vibration of tissues near the airway in the back of the throat']	367
what feelings do depressive disorders include?	['feelings of sadness, disappointment and hopelessness']	368
how can discomfort from cpap machines be managed?	['by adjusting settings, experimenting with climate control accessories or different mask types, or using a machine that slightly reduces air pressure on the exhale.']	369
what gestures can fill ours wells of wellness?	['send a message to a friend, read a book to our children, or hold hands with our partner']	370
why is nrem sleep differentiated from rem sleep?	['because sleepers experience slowed eye movements during nrem sleep.']	371
what can poor dietary choices lead to?	['increased nausea and make exercise more challenging.']	372
what is the purpose of the support core?	['provides stability to the mattress and helps it hold its shape over time.']	373
why do spring systems typically have stable edges?	['because they provide more pushback than foam']	374
what are parents at greater risk of if they have a child with pediatric insomnia?	['depression, stress, and poor health']	375
how do spiders navigate their world?	['they can sense vibrations and air currents, and they use these senses to navigate their world.']	376
what are some alternatives to wool during the hot summer months?	['other options for cool sleepwear fabrics include breathable cotton or bamboo-derived materials.']	377
what is caffeine notorious for?	['making it more difficult to fall asleep and eating too close to bedtime can lead to sleep disruptions']	378
what is a version of the ferber method that encourages parents to check on their baby and console them before they start to cry?	['the check and console method']	379
what is coronasomnia?	['sleep challenges related to the pandemic']	380
why does sleep apnea with hyperventilation occur?	['because of aberrant pacing and control of respiration']	381
how does sleep impact the immune system?	['getting sufficient hours of high-quality sleep enables a well-balanced immune defense that features strong innate and adaptive immunity, efficient response to vaccines, and less severe allergic reactions']	382
how long do off-gassing odors take to disappear?	['within a few hours to a few days.']	383
what should you do to lay the groundwork for your meditation session?	['start by preparing a calm environment and finding a comfortable position.']	384
what is a common option for a cleaning solution?	['a 1:1 solution of cold water and hydrogen peroxide']	385
what can prepare you for restful sleep?	['performing the same activity each night before going to bed']	386
who are long sleepers?	['people who regularly sleep more than other people of the same age.']	387
who is cpap treatment less effective in?	['patients 80 years and older']	388
how can you ensure you're buying authentic egyptian cotton?	['looking for certification from the cotton egypt association']	389
what are the advantages of buying a mattress online?	['advantageous in terms of price, selection, and convenience']	390
what are some strategies to combat excessive drooling in your sleep?	['from lifestyle changes to speech therapy, medication, and surgery']	391
how many sleep cycles does a person go through in a normal sleep period?	['four to six sleep cycles']	392
what are sleep deficiency caused by?	['other sleep disorders or medical conditions']	393
what is the biggest downside to memory foam?	['tends to trap body heat']	394
what are some vital signs that fitness wearables record?	['temperature, heart rate, average resting heart rate, and details about the sleep-wake cycle']	395
how can one acclimatize the circadian rhythm to a new location?	['spend time outdoors during sunny hours']	396
what are the other management options for obstructive sleep apnea?	['an expiratory positive airway pressure (epap) device, a bilevel positive airway pressure (bipap) machine, an automatic positive airway pressure (apap) machine, or an oral appliance.']	397
why does sleepwalking put the sleeper and others nearby in a vulnerable position?	['because the sleepwalker is unaware of their actions']	398
when do migraines often occur?	['in the morning']	399
why do some students avoid sports?	['due to pressure from coaches, classmates, and society at large']	400
what should babies not sleep with?	['any soft bedding, including pillows, loose sheets, comforters, quilts, stuffed animals, or crib bumpers.']	401
when should we stop using electronics before bed?	['at least 30 minutes before bed']	402
what is the fourth stage of sleep?	['rem sleep.']	403
what can make napping impossible?	['employment and other obligations']	404
what type of setting will help you fall asleep more quickly?	['a quiet, cool, and comfortable setting']	405
what happens after one night of sleep deprivation?	['most people feel a strong urge to get back to sleeping normally, which often allows them to recover their prior sleep pattern.']	406
what are regular naps associated with?	['been found to improve memory and learning, while also being linked to cognitive decline.']	407
what does an 18-month sleep regression provide?	"[""an opportunity to reflect on your toddler's sleep hygiene""]"	408
what is one of the simplest solutions for a good night's sleep?	['comfortable mattress']	409
what can moving too vigorously before bed disrupt?	['sleep']	410
what can make it difficult to fall asleep in a new place?	['if accommodations have an uncomfortable mattress or excess light or noise']	411
what appearance do cotton percale bed sheets have?	['a crisp, matte appearance.']	412
what is pressure relief?	['the ability to redistribute weight to reduce pressure buildup']	413
what are people who are sleep deprived more likely to do?	['make errors and omissions']	414
how does music aid sleep?	['by helping you feel relaxed and at ease']	415
how long does it take for your brain to cycle through the four sleep stages?	['every 90 to 120 minutes']	416
what happens if a pillow does not provide adequate support for a person's neck?	['a person can put stress on their neck as they sleep, which might lead to daytime symptoms.']	417
how can daytime napping affect young children?	['can affect their sleep quality and duration at night.']	418
what does recovery sleep contain?	['more deep sleep']	419
why don't many marine mammals exhibit rem sleep?	['rem sleep is usually accompanied by a lack of muscle movement, which could be dangerous when in the water']	420
what happens when light enters the eye?	['it is sensed by a special group of cells on the retina, which is carried to the brain and interpreted as information about the time of day']	421
what does the degree of pressure relief needed depend on?	['your sleep position and body weight']	422
what kind of mattress do back sleepers need?	['a mattress that will support their body enough to keep the back on an even plane']	423
what demographic are bad dreams more prevalent in?	['both sexes equally up to age 12, but some studies indicate bad dreams are more prevalent for girls beginning at age 13.']	424
where in the body can hypnic jerks occur?	['the whole body or segments of the body, often with a focus on one side']	425
why might patients with obstructive sleep apnea elect to use a cpap machine?	['to encourage uninterrupted breathing while sleeping']	426
how should plan our daily schedules?	"[""look at when you're going to give the time to your children, look at how you're fitting your life around their needs, and that you're getting the things that you need to relax and switch off at night, too""]"	427
where can aromatherapy scents be applied?	['sprayed onto pillows, dropped into a bath, or added to a diffuser that disperses the fragrance around a room']	428
what kind of late-night snacks are especially likely to disrupt sleep?	['high fat or sugar content']	429
what uncontrollable factors affect reaction times?	['age, left or right-handedness, and whether the stimulus is visual or auditory']	430
when would you consider replacing a sagging mattress?	['if you continue to experience pain or discomfort.']	431
how do medications help some people reduce sleep bruxism?	['by altering brain chemicals to reduce muscle activity involved in teeth grinding.']	432
what is sleep-related hypoxemia disorder?	"[""when oxygen concentrations drop, but the levels of carbon dioxide don't rise high enough to cross the threshold for diagnosis as a sleep-related hypoventilation disorder.""]"	433
what do long-term complications of shift work disorder include?	['irritability and mood changes, impaired social function in and out of the workplace, and depression']	434
when do shoppers upgrading their mattress have the most variety to choose from?	"[""when upgrading their rvs' queen or eastern king size mattresses.""]"	435
what role does adequate sleep have for preterm babies?	['not only plays a role in healthy cognitive development for preterm babies, but may also help mitigate some of the cognitive difficulties they may experience due to their premature birth']	436
what acids does the dried hops flower contain?	['humulone and lupulone']	437
how long before bed should phones be turned off?	['at least 30 to 60 minutes']	438
what is a benefit of the starfish sleeping position?	['may protect against shoulder pain']	439
what are delta waves associated with?	['the flushing of older fluid from around the brain.']	440
what is the typical work day in spain?	['span from 9 a.m. with a two hour break for the siesta, then work would resume from 4 p.m.']	441
what is sleep training?	['the process of teaching your baby to sleep on their own.']	442
what happens to people working within this time frame?	['prone to insufficient sleep and fatigue during waking hours']	443
what does blue light reduce?	['amount of time you spend in slow-wave and rapid-eye movement (rem) sleep']	444
what has been linked to higher-quality sleep for infants?	['secure attachments']	445
what are body impressions?	['lasting indentations from lying on the mattress.']	446
what is nightmare disorder?	"[""a sleep disorder in which nightmares interfere with one's ability to get sufficient sleep.""]"	447
how can a healthy bedtime routine for a child be developed?	['consider introducing calming activities that can prepare them for sleep.']	448
how many children suffer from sleep disorders at some point?	['as many as 50 percent']	449
when have students across the country experienced educational upheaval?	['ever since covid-19 closed the doors of schools across the nation.']	450
what should you do to improve the sensation of congestion in your nose and mucus accumulation in the throat?	['avoid placing your head completely horizontal when you are lying in bed']	451
what are parachute percale sheets made from?	['certified long-staple egyptian cotton, hand-picked in the nile valley']	452
what should good cooling pillows be?	['lightweight and breathable']	453
what is common in children with adhd?	['nightmares']	454
what does the research suggest happens if children, even teenagers, are set bedtimes?	['they are more likely to get more sleep']	455
what are the guidelines regarding volume for a white noise machine	['there are no official guidelines']	456
what are two of the most rigorous organic standards in the mattress industry?	['the global organic textile standard (gots) and the global organic latex standard (gols)']	457
how do you ensure the structural integrity of your platform bed?	['follow the plan and diagrams you created']	458
what risk factors may increase your likelihood of experiencing a hypnic jerk?	['excessive caffeine and stimulant consumption, vigorous exercise before sleep, emotional stress, and sleep deprivation.']	459
what may mattress warranties cover?	['manufacturing and workmanship defects in the cover, splitting or cracking of the foam, permanent indentations, or other such defects.']	460
what can shifting hormone levels contribute to?	['nausea, daytime sleepiness, and snoring at night']	461
when is jet lag frequently encountered?	['when long airplane flights are involved']	462
how can sunlight exposure affect quality of sleep in students?	['reduced sunlight exposure actually led to poorer quality sleep.']	463
what can increase sleep interruptions and difficulty getting back to sleep in women?	['frequent night sweats']	464
what can routine all-nighters lead to?	['a cycle of mental distress, poor sleep, and decreased functioning during the day']	465
what can a swaddle cause if not prepared properly?	['increased breathing rate, reduced lung capacity, hip problems, strangulation, or overheating.']	466
what does an actigraph do?	['monitor your sleep-wake activity']	467
what can sleep deprivation cause?	['can leave you feeling tired, less creative, and make it more difficult to stay focused on important projects.']	468
what does nt2 not involve?	['cataplexy']	469
what is fatigue?	['a general term used to refer to feelings of exhaustion that make it difficult to carry out daily activities']	470
what pattern of weave does the sateen weave have?	['one thread under, three or four threads over pattern']	471
how big is the california queen mattress?	['60 inches wide by 84 inches long.']	472
who needs a softer mattress with more contouring?	['people with broader shoulders or hips']	473
how does celliant work?	['by taking advantage of the natural thermoreactive properties of a blend of certain minerals - including quartz, silicon oxide, and titanium oxide - and mixes them with 88 trace elements.']	474
how do you get uninterrupted sleep and promote proper alignment of your circadian rhythm?	['achieving a more consistent sleep schedule, getting natural daylight exposure, avoiding alcohol before bedtime, and eliminating noise and light disruptions']	475
what do mandibular advancement devices do?	['push the lower jaw and tongue forward']	476
what factors have been linked to trouble relaxing at bedtime?	['stress due to work, family life, and other factors']	477
what are two styles of weighted blankets?	['knitted and duvet style']	478
what does restorative sleep promote?	['healthy emotional regulation and helps your brain efficiently process information']	479
when should you consult the doctor immediately?	['if you notice severe or dangerous side effects']	480
how are humans similar to dogs in terms of sleep?	['diurnal animals, which means that they get a majority of their sleep at night']	481
how are depression and sleeping problems related?	['frequently occur together and may exacerbate one another.']	482
why are people with heartburn symptoms are often unable to comfortably fall into a sleep state?	['due to the painful, burning sensation in their chest']	483
what should you do if you wake up with a headache every morning?	['set up an appointment with your doctor']	484
when does snoring occur?	['when air moves around floppy tissue near the back of the throat and causes that tissue to vibrate.']	485
what does persistent sleep interruptions and hypoxia from sleep apnea been found to create?	['conditions for accelerated tumor growth']	486
what is red often associated with?	['aggression and danger']	487
what is the function of a pocketed coil support core?	['contributes to a durable, springy, and breathable surface with minimal motion transfer and stable edge support']	488
what is head banging?	['a repeated motion that happens around bedtime or during sleep.']	489
what is the leading cause of disability globally?	['depression']	490
what do hormones play an integral role in?	['the functioning of virtually every system of the body.']	491
how can thyroid cancer originate?	['due to genetically inherited conditions, and exposure to radiation']	492
what can sleep deprivation contribute to in the long term?	['health problems such as depression, diabetes, obesity, and heart disease']	493
what can melatonin affect in a fetus?	['affect neurological development in a fetus, reducing the likelihood of problems such as brain lesions']	494
why is waiting to buy a new mattress not the best idea for your long-term well-being?	"[""while waiting to buy a new mattress may save you money in the short term, it's not the best idea for your long-term well-being, as sleep plays an essential role in human health.""]"	495
what does the contagiousness of yawning suggest?	['it may be an empathetic response that helps humans and other mammals communicate.']	496
what proportion of life is spent in bed?	['roughly 1/3rd']	497
what kind of surface is best for back sleepers?	['a surface with a balanced feel']	498
what does fatigue refer to?	['a lack of energy motivation that may occur due to lack of sleep, but can also stem from other factors like emotional stress or boredom']	499
